{
  "BM25": {
    "recall@1": 0.6,
    "mrr@1": 0.6,
    "ndcg@1": 0.6,
    "recall@3": 0.7,
    "mrr@3": 0.6666666666666667,
    "ndcg@3": 0.6613147192765458,
    "recall@5": 0.8,
    "mrr@5": 0.7166666666666667,
    "ndcg@5": 0.7141283437910639
  },
  "BM25+KeywordRerank": {
    "recall@1": 0.6,
    "mrr@1": 0.6,
    "ndcg@1": 0.6,
    "recall@3": 0.7,
    "mrr@3": 0.6666666666666667,
    "ndcg@3": 0.6613147192765458,
    "recall@5": 0.8,
    "mrr@5": 0.7066666666666667,
    "ndcg@5": 0.708754261830405
  },
  "Vector": {
    "recall@1": 0.8,
    "mrr@1": 1.0,
    "ndcg@1": 1.0,
    "recall@3": 0.9,
    "mrr@3": 1.0,
    "ndcg@3": 0.9065735963827292,
    "recall@5": 0.9,
    "mrr@5": 1.0,
    "ndcg@5": 0.9065735963827292
  },
  "Vector+KeywordRerank": {
    "recall@1": 0.7,
    "mrr@1": 0.8,
    "ndcg@1": 0.8,
    "recall@3": 0.8,
    "mrr@3": 0.8,
    "ndcg@3": 0.7839441578296376,
    "recall@5": 0.9,
    "mrr@5": 0.85,
    "ndcg@5": 0.8367577823441558
  },
  "Hybrid": {
    "recall@1": 0.6,
    "mrr@1": 0.6,
    "ndcg@1": 0.6,
    "recall@3": 0.8,
    "mrr@3": 0.7,
    "ndcg@3": 0.7386852807234542,
    "recall@5": 0.9,
    "mrr@5": 0.75,
    "ndcg@5": 0.7914989052379723
  },
  "Hybrid+KeywordRerank": {
    "recall@1": 0.7,
    "mrr@1": 0.8,
    "ndcg@1": 0.8,
    "recall@3": 0.8,
    "mrr@3": 0.8,
    "ndcg@3": 0.8,
    "recall@5": 0.9,
    "mrr@5": 0.8400000000000001,
    "ndcg@5": 0.8474395425538592
  }
}