{
  "BM25": {
    "recall@5": 0.7,
    "mrr@5": 0.36666666666666664,
    "ndcg@5": 0.4335853425059031
  },
  "Vector": {
    "recall@5": 0.9,
    "mrr@5": 0.6666666666666667,
    "ndcg@5": 0.6875006699908374
  },
  "Hybrid": {
    "recall@5": 0.8,
    "mrr@5": 0.6166666666666667,
    "ndcg@5": 0.6016290137819014
  }
}